text,pronunciation
오늘 기온이 23도까지 올라갈 예정입니다.,오늘 기온이 이십삼도까지 올라갈 예정입니다.
이 제품의 가격은 45000원입니다.,이 제품의 가격은 사만오천원입니다.
환율이 1달러당 1350원으로 상승했습니다.,환율이 일달러당 천삼백오십원으로 상승했습니다.
오후 3시 30분에 강남구 테헤란로 152길에서 만나요.,오후 세시 삼십분에 강남구 테헤란로 백오십이길에서 만나요.
우편번호 06234 서울시 강남구에서 택배가 도착했습니다.,우편번호 공육이삼사 서울시 강남구에서 택배가 도착했습니다.
Instagram에서 Meta 광고를 봤어요 😊,인스타그램에서 메타 광고를 봤어요
KakaoTalk으로 Samsung 이벤트 알림이 왔네요 📱,카카오톡으로 삼성 이벤트 알림이 왔네요
이 도로의 제한속도는 80km/h입니다.,이 도로의 제한속도는 팔십킬로미터퍼아워입니다.
체중이 65kg에서 70kg으로 증가했어요.,체중이 육십오키로그램에서 칠십키로그램으로 증가했어요.
할인율이 15%에서 25%로 올라갔습니다.,할인율이 십오퍼센트에서 이십오퍼센트로 올라갔습니다.
45F 회의실에서 오전 10시에 미팅이 있습니다.,사십오층 회의실에서 오전 열시에 미팅이 있습니다.
TripAdvisor에서 평점 4.5⭐ 받은 레스토랑이에요!,트립어드바이저에서 평점 사점오 받은 레스토랑이에요!
100엔이 약 900원 정도예요.,백엔이 약 구백원 정도예요.
WiFi 속도가 100Mbps에서 200Mbps로 업그레이드됐어요.,와이파이 속도가 백엠비피에스에서 이백엠비피에스로 업그레이드됐어요.
오늘 최고기온이 32도를 기록했습니다.,오늘 최고기온이 삼십이도를 기록했습니다.
이번 달 용돈이 150000원에서 200000원으로 늘었어요! 🎉,이번 달 용돈이 십오만원에서 이십만원으로 늘었어요!
Expedia에서 호텔을 3박 4일 예약했습니다.,익스피디아에서 호텔을 삼박 사일 예약했습니다.
지하철 2호선 강남역에서 내려주세요.,지하철 이호선 강남역에서 내려주세요.
Apple Store에서 iPhone 15를 구매했어요.,애플 스토어에서 아이폰 십오를 구매했어요.
마라톤 완주 시간이 4시간 25분이었습니다.,마라톤 완주 시간이 네시간 이십오분이었습니다.
우편번호 12345 부산광역시 해운대구입니다.,우편번호 일이삼사오 부산광역시 해운대구입니다.
Google에서 검색한 결과가 2,340,000개 나왔어요.,구글에서 검색한 결과가 이백삼십사만개 나왔어요.
Netflix 구독료가 월 12000원입니다.,넷플릭스 구독료가 월 만이천원입니다.
키가 175cm이고 몸무게가 68kg이에요.,키가 백칠십오센티미터이고 몸무게가 육십팔키로그램이에요.
할인 쿠폰으로 30% 절약했습니다! 💰,할인 쿠폰으로 삼십퍼센트 절약했습니다!
12F 카페에서 커피 마실까요?,십이층 카페에서 커피 마실까요?
Facebook에서 LG전자 페이지를 팔로우했어요.,페이스북에서 엘지전자 페이지를 팔로우했어요.
새벽 5시 30분에 등산을 시작했습니다.,새벽 다섯시 삼십분에 등산을 시작했습니다.
환전소에서 500달러를 675000원으로 바꿨어요.,환전소에서 오백달러를 육십칠만오천원으로 바꿨어요.
Zoom 회의가 오후 2시부터 4시까지입니다.,줌 회의가 오후 두시부터 네시까지입니다.
주행거리가 85000km를 넘었습니다.,주행거리가 팔만오천키로미터를 넘었습니다.
Microsoft Teams로 프로젝트 파일을 공유했어요.,마이크로소프트 팀즈로 프로젝트 파일을 공유했어요.
B2층 주차장에 차를 세워뒀습니다.,지하이층 주차장에 차를 세워뒀습니다.
YouTuber가 구독자 1,250,000명을 달성했어요! 🎊,유튜버가 구독자 백이십오만명을 달성했어요!
집에서 회사까지 거리가 15.5km입니다.,집에서 회사까지 거리가 십오점오키로미터입니다.
Spotify 프리미엄이 월 9900원이에요.,스포티파이 프리미엄이 월 구천구백원이에요.
우편번호 54321 대구광역시 중구 동성로입니다.,우편번호 오사삼이일 대구광역시 중구 동성로입니다.
Tesla Model 3 가격이 55,000달러예요.,테슬라 모델 삼 가격이 오만오천달러예요.
오전 9시 15분 KakaoTalk 메시지 확인해주세요.,오전 아홉시 십오분 카카오톡 메시지 확인해주세요.
체지방률이 18%에서 15%로 감소했습니다.,체지방률이 십팔퍼센트에서 십오퍼센트로 감소했습니다.
37F 레스토랑에서 저녁 식사 예약했어요.,삼십칠층 레스토랑에서 저녁 식사 예약했어요.
Amazon Prime 배송비가 2500원입니다.,아마존 프라임 배송비가 이천오백원입니다.
LinkedIn에서 IBM 채용공고를 봤습니다.,링크드인에서 아이비엠 채용공고를 봤습니다.
일본 여행경비로 200,000엔이 필요해요.,일본 여행경비로 이십만엔이 필요해요.
GitHub에서 오픈소스 프로젝트를 시작했어요! 👨‍💻,깃허브에서 오픈소스 프로젝트를 시작했어요!
연봉이 48,000,000원으로 인상됐습니다.,연봉이 사천팔백만원으로 인상됐습니다.
WhatsApp으로 해외 친구와 연락해요.,왓츠앱으로 해외 친구와 연락해요.
우편번호 67890 인천광역시 연수구 송도동입니다.,우편번호 육칠팔구공 인천광역시 연수구 송도동입니다.
Intel CPU 클럭이 3.2GHz에서 4.1GHz로 올랐어요.,인텔 씨피유 클럭이 삼점이기가헤르츠에서 사점일기가헤르츠로 올랐어요.
TikTok에서 조회수 500만 뷰를 달성했어요! 🔥,틱톡에서 조회수 오백만 뷰를 달성했어요!
새벽 6시에 HeartRate가 72bpm이었습니다.,새벽 여섯시에 하트레이트가 칠십이비피엠이었습니다.
23F 사무실에서 회의를 진행합니다.,이십삼층 사무실에서 회의를 진행합니다.
Discord에서 Nvidia 게이밍 커뮤니티에 가입했어요.,디스코드에서 엔비디아 게이밍 커뮤니티에 가입했어요.
보험료가 월 85000원에서 92000원으로 올랐어요.,보험료가 월 팔만오천원에서 구만이천원으로 올랐어요.
Uber Eats 배달비가 3200원입니다.,우버 이츠 배달비가 삼천이백원입니다.
저금통에 500원짜리 동전이 380개 있어요.,저금통에 오백원짜리 동전이 삼백팔십개 있어요.
Pinterest에서 AMD 컴퓨터 셋업을 저장했어요.,핀터레스트에서 에이엠디 컴퓨터 셋업을 저장했어요.
우편번호 13579 광주광역시 서구 치평동입니다.,우편번호 일삼오칠구 광주광역시 서구 치평동입니다.
오후 7시 45분에 Slack으로 업무 보고해주세요.,오후 일곱시 사십오분에 슬랙으로 업무 보고해주세요.
할인가로 1,875,000원에 노트북을 샀어요! 💻,할인가로 백팔십칠만오천원에 노트북을 샀어요!
Oracle 데이터베이스 용량이 2.5TB입니다.,오라클 데이터베이스 용량이 이점오테라바이트입니다.
14F 체육관에서 운동할 예정이에요.,십사층 체육관에서 운동할 예정이에요.
Twitch에서 실시간 시청자가 15,000명이에요.,트위치에서 실시간 시청자가 만오천명이에요.
체온이 36.5도에서 37.2도로 올랐습니다.,체온이 삼십육점오도에서 삼십칠점이도로 올랐습니다.
Reddit에서 Sony 플레이스테이션 후기를 읽었어요.,레딧에서 소니 플레이스테이션 후기를 읽었어요.
우편번호 24681 울산광역시 남구 삼산동입니다.,우편번호 이사육팔일 울산광역시 남구 삼산동입니다.
eBay에서 95달러에 빈티지 카메라를 샀어요.,이베이에서 구십오달러에 빈티지 카메라를 샀어요.
새벽 4시 30분에 알람이 울렸습니다 ⏰,새벽 네시 삼십분에 알람이 울렸습니다
Telegram으로 Huawei 뉴스를 받아봐요.,텔레그램으로 화웨이 뉴스를 받아봐요.
주식 수익률이 8.5%에서 12.3%로 상승했어요! 📈,주식 수익률이 팔점오퍼센트에서 십이점삼퍼센트로 상승했어요!
67F 스카이라운지에서 파티가 있습니다.,육십칠층 스카이라운지에서 파티가 있습니다.
Shopify에서 월매출이 4,250,000원이에요.,쇼피파이에서 월매출이 사백이십오만원이에요.
심박수가 분당 85회에서 92회로 증가했습니다.,심박수가 분당 팔십오회에서 구십이회로 증가했습니다.
Airbnb에서 1박에 180,000원인 숙소를 예약했어요.,에어비앤비에서 일박에 십팔만원인 숙소를 예약했어요.
우편번호 97531 세종특별자치시 조치원읍입니다.,우편번호 구칠오삼일 세종특별자치시 조치원읍입니다.
오후 1시 20분에 Dropbox 파일을 동기화하세요.,오후 한시 이십분에 드롭박스 파일을 동기화하세요.
OneDrive 저장용량이 1TB에서 5TB로 늘었어요! ☁️,원드라이브 저장용량이 일테라바이트에서 오테라바이트로 늘었어요!
Adobe Creative Suite 구독료가 월 65,000원입니다.,어도비 크리에이티브 스위트 구독료가 월 육만오천원입니다.
33F 호텔 스위트룸을 예약했습니다.,삼십삼층 호텔 스위트룸을 예약했습니다.
Snapchat에서 HP 프린터 광고를 봤어요.,스냅챗에서 에이치피 프린터 광고를 봤어요.
다이어트로 체중이 78kg에서 71kg으로 감량했어요! 🏃‍♂️,다이어트로 체중이 칠십팔키로그램에서 칠십일키로그램으로 감량했어요!
Viber로 Canon 카메라 사진을 공유했어요.,바이버로 캐논 카메라 사진을 공유했어요.
우편번호 86420 강원도 춘천시 후평동입니다.,우편번호 팔육사이공 강원도 춘천시 후평동입니다.
새벽 5시 50분에 일어나서 조깅을 했습니다.,새벽 다섯시 오십분에 일어나서 조깅을 했습니다.
Signal로 Dell 노트북 정보를 전달했어요.,시그널로 델 노트북 정보를 전달했어요.
월세가 850,000원에서 920,000원으로 인상됐어요.,월세가 팔십오만원에서 구십이만원으로 인상됐어요.
Medium에서 Qualcomm 기술 블로그를 읽었습니다.,미디엄에서 퀄컴 기술 블로그를 읽었습니다.
58F 전망대에서 야경을 감상했어요! 🌃,오십팔층 전망대에서 야경을 감상했어요!
WeChat으로 Lenovo 제품 문의를 했습니다.,위챗으로 레노버 제품 문의를 했습니다.
할인율이 35%에서 50%로 확대됐습니다.,할인율이 삼십오퍼센트에서 오십퍼센트로 확대됐습니다.
우편번호 75319 충청북도 청주시 흥덕구입니다.,우편번호 칠오삼일구 충청북도 청주시 흥덕구입니다.
Clubhouse에서 Toshiba 기술 세미나를 들었어요.,클럽하우스에서 도시바 기술 세미나를 들었어요.
오전 8시 25분에 Microsoft 온라인 미팅이 있어요.,오전 여덟시 이십오분에 마이크로소프트 온라인 미팅이 있어요.
적금 이자가 연 2.8%에서 3.1%로 올랐습니다! 💸,적금 이자가 연 이점팔퍼센트에서 삼점일퍼센트로 올랐습니다!
Line으로 Asus 라우터 설정법을 받았어요.,라인으로 에이수스 라우터 설정법을 받았어요.
29F 피트니스 센터에서 PT를 받고 있어요.,이십구층 피트니스 센터에서 피티를 받고 있어요.
Skype 통화가 1시간 35분 동안 진행됐습니다.,스카이프 통화가 한시간 삼십오분 동안 진행됐습니다.
우편번호 64208 전라북도 전주시 덕진구입니다.,우편번호 육사이공팔 전라북도 전주시 덕진구입니다.
Kakao Pay로 240,000원을 송금했어요.,카카오 페이로 이십사만원을 송금했어요.
Tumblr에서 Panasonic 제품 리뷰를 봤습니다.,텀블러에서 파나소닉 제품 리뷰를 봤습니다.
혈압이 120/80mmHg에서 115/75mmHg로 개선됐어요! ❤️,혈압이 백이십팔십엠엠에이치지에서 백십오칠십오엠엠에이치지로 개선됐어요!
Patreon에서 Xiaomi 언박싱 영상을 후원했어요.,패트리온에서 샤오미 언박싱 영상을 후원했어요.
42F 컨퍼런스룸에서 발표를 했습니다.,사십이층 컨퍼런스룸에서 발표를 했습니다.
Meetup에서 Oppo 스마트폰 체험 행사에 참가해요.,밋업에서 오포 스마트폰 체험 행사에 참가해요.
우편번호 52734 전라남도 여수시 중앙동입니다.,우편번호 오이칠삼사 전라남도 여수시 중앙동입니다.
새벽 3시 40분에 Evernote 메모를 작성했어요.,새벽 세시 사십분에 에버노트 메모를 작성했어요.
VoIP 통화 품질이 64kbps에서 128kbps로 향상됐습니다.,보이프 통화 품질이 육십사케이비피에스에서 백이십팔케이비피에스로 향상됐습니다.
Coursera에서 Cisco 네트워킹 강의를 수강해요! 📚,코세라에서 시스코 네트워킹 강의를 수강해요!
BitTorrent로 Linux ISO 파일을 다운로드했습니다.,비트토렌트로 리눅스 아이에스오 파일을 다운로드했습니다.
16F 헬스클럽에서 운동 중이에요.,십육층 헬스클럽에서 운동 중이에요.
우편번호 41356 경기도 안산시 단원구입니다.,우편번호 사일삼오육 경기도 안산시 단원구입니다.
Vimeo에서 GoPro 액션캠 영상을 업로드했어요.,비메오에서 고프로 액션캠 영상을 업로드했어요.
기온이 영하 12도에서 영하 8도로 올랐습니다.,기온이 영하 십이도에서 영하 팔도로 올랐습니다.
Notion에서 Philips 제품 카탈로그를 정리했습니다.,노션에서 필립스 제품 카탈로그를 정리했습니다.
할부금이 월 180,000원씩 24개월입니다! 💳,할부금이 월 십팔만원씩 이십사개월입니다!
Mastodon에서 Motorola 신제품 소식을 확인했어요.,마스토돈에서 모토로라 신제품 소식을 확인했어요.
51F 라운지에서 비즈니스 미팅을 진행해요.,오십일층 라운지에서 비즈니스 미팅을 진행해요.
우편번호 38472 경상북도 경주시 황남동입니다.,우편번호 삼팔사칠이 경상북도 경주시 황남동입니다.
SoundCloud에서 Sony 오디오 테스트를 들었어요.,사운드클라우드에서 소니 오디오 테스트를 들었어요.
오후 11시 15분에 잠자리에 들었습니다.,오후 열한시 십오분에 잠자리에 들었습니다.
Trello에서 Acer 프로젝트 보드를 관리해요.,트렐로에서 에이서 프로젝트 보드를 관리해요.
대출 이자율이 연 4.2%에서 3.8%로 인하됐어요! 🏦,대출 이자율이 연 사점이퍼센트에서 삼점팔퍼센트로 인하됐어요!
Goodreads에서 Tesla 자서전을 평가했습니다.,굿리즈에서 테슬라 자서전을 평가했습니다.
73F 스위트룸에서 숙박했습니다.,칠십삼층 스위트룸에서 숙박했습니다.
Behance에서 Adobe 포트폴리오를 공개했어요.,비핸스에서 어도비 포트폴리오를 공개했어요.
우편번호 27185 경상남도 부산시 해운대구입니다.,우편번호 이칠일팔오 경상남도 부산시 해운대구입니다.
새벽 6시 10분에 Fitbit으로 심박수를 측정했어요.,새벽 여섯시 십분에 핏빗으로 심박수를 측정했어요.
Buffer로 Instagram 게시물을 예약했습니다.,버퍼로 인스타그램 게시물을 예약했습니다.
주가가 45,600원에서 52,300원으로 급등했어요! 📊,주가가 사만오천육백원에서 오만이천삼백원으로 급등했어요!
Basecamp에서 LG 프로젝트를 관리하고 있어요.,베이스캠프에서 엘지 프로젝트를 관리하고 있어요.
19F 사무실에서 재택근무를 하고 있습니다.,십구층 사무실에서 재택근무를 하고 있습니다.
DuckDuckGo에서 Nintendo 게임 정보를 검색했어요.,덕덕고에서 닌텐도 게임 정보를 검색했어요.
우편번호 59647 제주특별자치도 제주시입니다.,우편번호 오구육사칠 제주특별자치도 제주시입니다.
오후 5시 25분에 Webex 회의가 종료됐습니다.,오후 다섯시 이십오분에 웹엑스 회의가 종료됐습니다.
Hootsuite로 Facebook 광고를 관리해요.,후츠위트로 페이스북 광고를 관리해요.
연료비가 리터당 1,650원에서 1,820원으로 올랐어요! ⛽,연료비가 리터당 천육백오십원에서 천팔백이십원으로 올랐어요!
Quora에서 Microsoft Azure 질문을 올렸습니다.,쿠오라에서 마이크로소프트 애저 질문을 올렸습니다.
84F 펜트하우스에서 파티를 열어요.,팔십사층 펜트하우스에서 파티를 열어요.
Figma에서 UI 디자인을 96시간 작업했어요.,피그마에서 유아이 디자인을 구십육시간 작업했어요.
우편번호 31579 충청남도 천안시 서북구입니다.,우편번호 삼일오칠구 충청남도 천안시 서북구입니다.
오전 7시 55분에 알람이 울렸습니다 🔔,오전 일곱시 오십오분에 알람이 울렸습니다
Khan Academy에서 Calculus 강의를 75% 완료했어요!,칸 아카데미에서 캘큘러스 강의를 칠십오퍼센트 완료했어요!
MailChimp으로 마케팅 이메일을 3,500명에게 발송했습니다.,메일침프으로 마케팅 이메일을 삼천오백명에게 발송했습니다.
26F 카페테리아에서 점심을 먹었어요.,이십육층 카페테리아에서 점심을 먹었어요.
Etsy에서 핸드메이드 제품을 35달러에 샀습니다.,에츠이에서 핸드메이드 제품을 삼십오달러에 샀습니다.
우편번고 48263 경기도 수원시 영통구입니다.,우편번호 사팔이육삼 경기도 수원시 영통구입니다.
새벽 4시 45분에 요가 수업을 시작했어요.,새벽 네시 사십오분에 요가 수업을 시작했어요.
Zendesk로 고객 만족도가 87%에서 92%로 향상됐습니다! 😊,젠데스크로 고객 만족도가 팔십칠퍼센트에서 구십이퍼센트로 향상됐습니다!
Asana에서 프로젝트 진행률이 68%예요.,아사나에서 프로젝트 진행률이 육십팔퍼센트예요.
75F 스카이 바에서 칵테일을 마셨어요! 🍸,칠십오층 스카이 바에서 칵테일을 마셨어요!
Grammarly로 문서 교정을 완료했습니다.,그래멀리로 문서 교정을 완료했습니다.
우편번호 62941 강원도 강릉시 교동입니다.,우편번호 육이구사일 강원도 강릉시 교동입니다.
오후 9시 30분에 Netflix 드라마를 시청했어요.,오후 아홉시 삼십분에 넷플릭스 드라마를 시청했어요.
Canva에서 포스터 디자인을 12시간 작업했습니다.,캔바에서 포스터 디자인을 십이시간 작업했습니다.
적립금이 15,500원에서 28,200원으로 증가했어요! 🎁,적립금이 만오천오백원에서 이만팔천이백원으로 증가했어요!
Monday.com에서 팀 워크플로우를 관리해요.,먼데이닷컴에서 팀 워크플로우를 관리해요.
62F 회의실에서 연간 계획을 세웠습니다.,육십이층 회의실에서 연간 계획을 세웠습니다.
Calendly로 30분 상담 일정을 잡았어요.,캘린들리로 삼십분 상담 일정을 잡았어요.
우편번호 73856 경기도 고양시 일산동구입니다.,우편번호 칠삼팔오육 경기도 고양시 일산동구입니다.
새벽 5시 35분에 마라톤 연습을 했습니다.,새벽 다섯시 삼십오분에 마라톤 연습을 했습니다.
Buffer로 Twitter 게시물을 24시간 예약했어요.,버퍼로 트위터 게시물을 이십사시간 예약했어요.
보험 보장액이 50,000,000원에서 80,000,000원으로 늘었어요! 🛡️,보험 보장액이 오천만원에서 팔천만원으로 늘었어요!
Typeform으로 설문조사를 150명에게 배포했습니다.,타입폼으로 설문조사를 백오십명에게 배포했습니다.
47F 스튜디오에서 사진 촬영을 했어요.,사십칠층 스튜디오에서 사진 촬영을 했어요.
Bitly로 URL을 단축했더니 클릭률이 15% 증가했습니다.,비틀리로 유알엘을 단축했더니 클릭률이 십오퍼센트 증가했습니다.
우편번호 85174 경기도 성남시 분당구입니다.,우편번호 팔오일칠사 경기도 성남시 분당구입니다.
오전 10시 40분에 Zoom 세미나에 참석했어요.,오전 열시 사십분에 줌 세미나에 참석했어요.
DocuSign으로 계약서 5건을 처리했습니다.,도큐사인으로 계약서 다섯건을 처리했습니다.
가계부에서 지출이 2,340,000원이에요! 💰,가계부에서 지출이 이백삼십사만원이에요!
Miro에서 브레인스토밍 보드를 작성했어요.,미로에서 브레인스토밍 보드를 작성했어요.
91F 최고층에서 전망을 감상했습니다! 🏢,구십일층 최고층에서 전망을 감상했습니다!
Harvest로 프로젝트 시간을 45시간 기록했어요.,하베스트로 프로젝트 시간을 사십오시간 기록했어요.
우편번호 96258 인천광역시 부평구 부평동입니다.,우편번호 구육이오팔 인천광역시 부평구 부평동입니다.
새벽 3시 20분에 응급실로 갔습니다.,새벽 세시 이십분에 응급실로 갔습니다.
ConvertKit으로 뉴스레터를 4,200명에게 발송했어요.,컨버트키트으로 뉴스레터를 사천이백명에게 발송했어요.
투자금이 12,500,000원에서 15,800,000원으로 증가했습니다! 📈,투자금이 천이백오십만원에서 천오백팔십만원으로 증가했습니다!
Pipedrive에서 영업 파이프라인을 관리해요.,파이프드라이브에서 영업 파이프라인을 관리해요.
38F 라운지에서 네트워킹 이벤트가 있어요.,삼십팔층 라운지에서 네트워킹 이벤트가 있어요.
Intercom으로 고객 응답률이 78%에서 85%로 향상됐어요.,인터컴으로 고객 응답률이 칠십팔퍼센트에서 팔십오퍼센트로 향상됐어요.
우편번호 14692 서울특별시 중구 명동입니다.,우편번호 일사육구이 서울특별시 중구 명동입니다.
오후 6시 50분에 피트니스 수업을 마쳤어요.,오후 여섯시 오십분에 피트니스 수업을 마쳤어요.
GitHub Pages로 포트폴리오 사이트를 배포했습니다.,깃허브 페이지스로 포트폴리오 사이트를 배포했습니다.
생활비가 월 1,850,000원에서 2,150,000원으로 늘었어요! 🏠,생활비가 월 백팔십오만원에서 이백십오만원으로 늘었어요!
Mailgun으로 이메일 전송률이 96% 달성했습니다.,메일건으로 이메일 전송률이 구십육퍼센트 달성했습니다.
55F 전망 레스토랑에서 디너를 즐겼어요! 🍽️,오십오층 전망 레스토랑에서 디너를 즐겼어요!
Toggl로 업무 시간을 38시간 추적했어요.,토글로 업무 시간을 삼십팔시간 추적했어요.
우편번호 57318 부산광역시 사하구 하단동입니다.,우편번호 오칠삼일팔 부산광역시 사하구 하단동입니다.
새벽 7시 15분에 요가 클래스에 참석했습니다.,새벽 일곱시 십오분에 요가 클래스에 참석했습니다.
SendGrid로 마케팅 캠페인 오픈율이 22% 기록했어요.,센드그리드로 마케팅 캠페인 오픈율이 이십이퍼센트 기록했어요.
대출 상환액이 월 680,000원에서 720,000원으로 증가했습니다! 🏦,대출 상환액이 월 육십팔만원에서 칠십이만원으로 증가했습니다!
Zapier로 워크플로우 자동화를 15개 설정했어요.,재피어로 워크플로우 자동화를 십오개 설정했어요.
81F 펜트하우스에서 새해 파티를 열었습니다! 🎊,팔십일층 펜트하우스에서 새해 파티를 열었습니다!
HubSpot으로 리드 전환율이 12%에서 18%로 향상됐어요.,허브스팟으로 리드 전환율이 십이퍼센트에서 십팔퍼센트로 향상됐어요.
우편번호 39574 대구광역시 달서구 성서동입니다.,우편번호 삼구오칠사 대구광역시 달서구 성서동입니다.
오후 4시 30분에 온라인 세미나를 시청했어요.,오후 네시 삼십분에 온라인 세미나를 시청했어요.
Stripe으로 결제 성공률이 94%에서 97%로 올랐습니다.,스트라이프로 결제 성공률이 구십사퍼센트에서 구십칠퍼센트로 올랐습니다.
용돈을 월 450,000원에서 550,000원으로 인상받았어요! 🎉,용돈을 월 사십오만원에서 오십오만원으로 인상받았어요!
Mixpanel로 사용자 리텐션이 65% 측정됐습니다.,믹스패널로 사용자 리텐션이 육십오퍼센트 측정됐습니다.
63F 스카이라운지에서 비즈니스 미팅을 가졌어요.,육십삼층 스카이라운지에서 비즈니스 미팅을 가졌어요.
Amplitude로 월간 활성 사용자가 24,000명이에요.,앰플리튜드로 월간 활성 사용자가 이만사천명이에요.
우편번호 82146 광주광역시 북구 두암동입니다.,우편번호 팔이일사육 광주광역시 북구 두암동입니다.
새벽 2시 55분에 야식을 주문했습니다.,새벽 두시 오십오분에 야식을 주문했습니다.
Segment로 고객 데이터를 18개 채널로 연동했어요.,세그먼트로 고객 데이터를 십팔개 채널로 연동했어요.
적금이 월 320,000원에서 480,000원으로 늘었습니다! 💸,적금이 월 삼십이만원에서 사십팔만원으로 늘었습니다!
Hotjar로 웹사이트 히트맵을 분석했어요.,핫자르로 웹사이트 히트맵을 분석했어요.
77F 클럽에서 파티에 참석했습니다! 🎶,칠십칠층 클럽에서 파티에 참석했습니다!
Amplitude로 이벤트 트래킹을 145개 설정했어요.,앰플리튜드로 이벤트 트래킹을 백사십오개 설정했어요.
우편번호 65729 울산광역시 중구 성남동입니다.,우편번호 육오칠이구 울산광역시 중구 성남동입니다.
오전 11시 25분에 화상회의를 진행했어요.,오전 열한시 이십오분에 화상회의를 진행했어요.
Amplitude로 컨버전 퍼널이 8%에서 14%로 개선됐습니다.,앰플리튜드로 컨버전 퍼널이 팔퍼센트에서 십사퍼센트로 개선됐습니다.
청약 당첨금이 85,000,000원이에요! 🏠,청약 당첨금이 팔천오백만원이에요!
Datadog으로 서버 모니터링을 24시간 운영해요.,데이터독으로 서버 모니터링을 이십사시간 운영해요.
49F 사무실에서 신입사원 교육을 진행했습니다.,사십구층 사무실에서 신입사원 교육을 진행했습니다.
Sentry로 버그 리포트를 237건 받았어요.,센트리로 버그 리포트를 이백삼십칠건 받았어요.
우편번호 28591 세종특별자치시 도담동입니다.,우편번호 이팔오구일 세종특별자치시 도담동입니다.
오후 8시 10분에 운동을 마쳤습니다.,오후 여덟시 십분에 운동을 마쳤습니다.
New Relic으로 애플리케이션 성능을 모니터링해요.,뉴 렐릭으로 애플리케이션 성능을 모니터링해요.
보너스가 3,200,000원에서 4,800,000원으로 인상됐어요! 💵,보너스가 삼백이십만원에서 사백팔십만원으로 인상됐어요!
Splunk로 로그 분석을 18시간 동안 했습니다.,스플렁크로 로그 분석을 십팔시간 동안 했습니다.
86F 전망대에서 일출을 봤어요! 🌅,팔십육층 전망대에서 일출을 봤어요!
Elastic로 검색 성능이 2.3초에서 0.8초로 개선됐어요.,일래스틱으로 검색 성능이 이점삼초에서 공점팔초로 개선됐어요.
우편번호 17483 경기도 화성시 동탄신도시입니다.,우편번호 일칠사팔삼 경기도 화성시 동탄신도시입니다.
새벽 6시 45분에 등산을 시작했습니다.,새벽 여섯시 사십오분에 등산을 시작했습니다.
Grafana로 대시보드를 23개 제작했어요.,그라파나로 대시보드를 이십삼개 제작했어요.
투자 수익률이 연 6.5%에서 9.2%로 상승했습니다! 📊,투자 수익률이 연 육점오퍼센트에서 구점이퍼센트로 상승했습니다!
Prometheus로 메트릭을 147개 수집하고 있어요.,프로메테우스로 메트릭을 백사십칠개 수집하고 있어요.
52F 라운지에서 고객 미팅을 했습니다.,오십이층 라운지에서 고객 미팅을 했습니다.
Kibana로 데이터 시각화를 34개 생성했어요.,키바나로 데이터 시각화를 삼십사개 생성했어요.
우편번호 46825 경상북도 포항시 남구입니다.,우편번호 사육팔이오 경상북도 포항시 남구입니다.
오후 1시 35분에 점심 미팅을 가졌어요.,오후 한시 삼십오분에 점심 미팅을 가졌어요.
Nagios로 시스템 알람을 52건 받았습니다.,나기오스로 시스템 알람을 오십이건 받았습니다.
퇴직금이 45,000,000원에서 62,000,000원으로 늘었어요! 🎊,퇴직금이 사천오백만원에서 육천이백만원으로 늘었어요!
Zabbix로 네트워크 모니터링을 실시간으로 해요.,재빅스로 네트워크 모니터링을 실시간으로 해요.
74F 스위트룸에서 하룻밤을 보냈습니다! 🛏️,칠십사층 스위트룸에서 하룻밤을 보냈습니다!
Pingdom으로 웹사이트 응답 시간이 1.2초예요.,핑덤으로 웹사이트 응답 시간이 일점이초예요.
우편번호 71359 경상남도 창원시 마산합포구입니다.,우편번호 칠일삼오구 경상남도 창원시 마산합포구입니다.
새벽 4시 20분에 새벽 운동을 했어요.,새벽 네시 이십분에 새벽 운동을 했어요.
StatusPage로 서비스 가동률이 99.8%예요.,스테이터스페이지로 서비스 가동률이 구십구점팔퍼센트예요.
부동산 가격이 850,000,000원에서 920,000,000원으로 올랐어요! 🏡,부동산 가격이 팔억오천만원에서 구억이천만원으로 올랐어요!
PagerDuty로 장애 알림을 19건 받았습니다.,페이저듀티로 장애 알림을 십구건 받았습니다.
68F 회의실에서 임원진 미팅을 진행해요.,육십팔층 회의실에서 임원진 미팅을 진행해요.
Opsgenie로 온콜 로테이션을 8명으로 설정했어요.,옵스지니로 온콜 로테이션을 여덟명으로 설정했어요.
우편번호 93764 전라북도 익산시 영등동입니다.,우편번호 구삼칠육사 전라북도 익산시 영등동입니다.
오후 10시 40분에 야간 근무를 시작했어요.,오후 열시 사십분에 야간 근무를 시작했어요.
VictorOps로 인시던트 대응 시간이 15분으로 단축됐어요.,빅터옵스로 인시던트 대응 시간이 십오분으로 단축됐어요.
연봉이 72,000,000원에서 89,000,000원으로 인상됐습니다! 💰,연봉이 칠천이백만원에서 팔천구백만원으로 인상됐습니다!
xMatters로 에스컬레이션 정책을 12개 설정했어요.,엑스매터스로 에스컬레이션 정책을 십이개 설정했어요.
89F 펜트하우스에서 연말 파티를 열었습니다! 🥳,팔십구층 펜트하우스에서 연말 파티를 열었습니다!
Dynatrace로 애플리케이션 성능 점수가 87점이에요.,다이나트레이스로 애플리케이션 성능 점수가 팔십칠점이에요.
우편번호 58476 전라남도 순천시 조례동입니다.,우편번호 오팔사칠육 전라남도 순천시 조례동입니다.
새벽 5시 15분에 조깅을 시작했습니다.,새벽 다섯시 십오분에 조깅을 시작했습니다.
AppDynamics로 트랜잭션 추적을 156개 설정했어요.,앱다이나믹스로 트랜잭션 추적을 백오십육개 설정했어요.
상여금이 6,500,000원에서 8,200,000원으로 증가했어요! 🎁,상여금이 육백오십만원에서 팔백이십만원으로 증가했어요!
ThousandEyes로 네트워크 경로를 45개 모니터링해요.,따우잰드아이즈로 네트워크 경로를 사십오개 모니터링해요.
35F 카페에서 브런치를 즐겼습니다.,삼십오층 카페에서 브런치를 즐겼습니다.
Kentik로 트래픽 분석을 실시간으로 모니터링해요.,켄틱으로 트래픽 분석을 실시간으로 모니터링해요.
우편번호 64182 충청북도 청주시 상당구입니다.,우편번호 육사일팔이 충청북도 청주시 상당구입니다.
오전 9시 50분에 회사에 도착했어요.,오전 아홉시 오십분에 회사에 도착했어요.
Catchpoint로 웹사이트 성능을 78개 지점에서 측정해요.,캐치포인트로 웹사이트 성능을 칠십팔개 지점에서 측정해요.
대출 한도가 150,000,000원에서 200,000,000원으로 증가했습니다! 🏦,대출 한도가 일억오천만원에서 이억원으로 증가했습니다!
Pingometer로 API 응답 시간이 0.5초예요.,핑고미터로 에이피아이 응답 시간이 공점오초예요.
93F 최상층에서 도시 전망을 감상했어요! 🌆,구십삼층 최상층에서 도시 전망을 감상했어요!
Site24x7로 인프라 모니터링을 167개 서버로 확장했어요.,사이트이십사엑스칠로 인프라 모니터링을 백육십칠개 서버로 확장했어요.
우편번호 72639 충청남도 아산시 온양동입니다.,우편번호 칠이육삼구 충청남도 아산시 온양동입니다.
오후 3시 15분에 휴식을 취했습니다.,오후 세시 십오분에 휴식을 취했습니다.
LogicMonitor로 클라우드 리소스를 89% 활용 중이에요.,로직모니터로 클라우드 리소스를 팔십구퍼센트 활용 중이에요.
주식 투자금이 25,000,000원에서 34,000,000원으로 증가했어요! 📈,주식 투자금이 이천오백만원에서 삼천사백만원으로 증가했어요!
DataDog로 컨테이너 모니터링을 312개 설정했습니다.,데이터독으로 컨테이너 모니터링을 삼백십이개 설정했습니다.
41F 헬스장에서 PT를 받았어요.,사십일층 헬스장에서 피티를 받았어요.
Sumo Logic으로 로그 검색을 24시간 진행했습니다.,수모 로직으로 로그 검색을 이십사시간 진행했습니다.
우편번호 86251 강원도 원주시 단계동입니다.,우편번호 팔육이오일 강원도 원주시 단계동입니다.
새벽 7시 30분에 요가 수업에 참여했어요.,새벽 일곱시 삼십분에 요가 수업에 참여했어요.
Splunk로 보안 이벤트를 426건 분석했습니다.,스플렁크로 보안 이벤트를 사백이십육건 분석했습니다.
퇴직 준비금이 120,000,000원 모였어요! 🎊,퇴직 준비금이 일억이천만원 모였어요!
Loggly로 애플리케이션 로그를 실시간 분석해요.,로글리로 애플리케이션 로그를 실시간 분석해요.
56F 라운지에서 고급 와인을 시음했습니다! 🍷,오십육층 라운지에서 고급 와인을 시음했습니다!
Papertrail로 시스템 로그를 45일간 보관해요.,페이퍼트레일로 시스템 로그를 사십오일간 보관해요.
우편번호 19573 경기도 평택시 팽성읍입니다.,우편번호 일구오칠삼 경기도 평택시 팽성읍입니다.
오후 7시 20분에 저녁 식사를 했어요.,오후 일곱시 이십분에 저녁 식사를 했어요.
Fluentd로 로그 수집을 초당 15,000건 처리해요.,플루언트디로 로그 수집을 초당 만오천건 처리해요.
임대수익이 월 2,800,000원에서 3,400,000원으로 늘었습니다! 🏠,임대수익이 월 이백팔십만원에서 삼백사십만원으로 늘었습니다!
Logstash로 데이터 파이프라인을 78개 운영 중이에요.,로그스태시로 데이터 파이프라인을 칠십팔개 운영 중이에요.
67F 스카이 레스토랑에서 미식을 즐겼어요! 🍽️,육십칠층 스카이 레스토랑에서 미식을 즐겼어요!
Beats로 메트릭 수집을 234개 에이전트로 확장했어요.,비츠로 메트릭 수집을 이백삼십사개 에이전트로 확장했어요.
우편번호 48572 경상북도 구미시 구평동입니다.,우편번호 사팔오칠이 경상북도 구미시 구평동입니다.
새벽 3시 30분에 응급 대기를 했습니다.,새벽 세시 삼십분에 응급 대기를 했습니다.
Filebeat로 로그 전송률이 99.2%에요.,파일비트로 로그 전송률이 구십구점이퍼센트예요.
교육비 지원금이 3,600,000원에서 4,500,000원으로 증가했어요! 📚,교육비 지원금이 삼백육십만원에서 사백오십만원으로 증가했어요!
Metricbeat로 시스템 메트릭을 156개 수집해요.,메트릭비트로 시스템 메트릭을 백오십육개 수집해요.
82F 프리미엄 스위트에서 숙박했습니다! 🛏️,팔십이층 프리미엄 스위트에서 숙박했습니다!
Packetbeat로 네트워크 트래픽을 실시간 분석해요.,패킷비트로 네트워크 트래픽을 실시간 분석해요.
우편번호 65847 경상남도 진주시 상대동입니다.,우편번호 육오팔사칠 경상남도 진주시 상대동입니다.
오전 6시 5분에 새벽 미팅을 시작했어요.,오전 여섯시 오분에 새벽 미팅을 시작했어요.
Heartbeat로 서비스 가동 상태를 초당 체크해요.,하트비트로 서비스 가동 상태를 초당 체크해요.
건강보험료가 월 450,000원에서 520,000원으로 인상됐어요! 🏥,건강보험료가 월 사십오만원에서 오십이만원으로 인상됐어요!
Winlogbeat로 윈도우 이벤트 로그를 수집해요.,윈로그비트로 윈도우 이벤트 로그를 수집해요.
71F 스카이바에서 칵테일 파티에 참석했어요! 🍸,칠십일층 스카이바에서 칵테일 파티에 참석했어요!
Auditbeat로 보안 감사 로그를 분석해요.,오디트비트로 보안 감사 로그를 분석해요.
우편번호 59238 제주특별자치도 서귀포시입니다.,우편번호 오구이삼팔 제주특별자치도 서귀포시입니다.
오후 2시 45분에 병원 검진을 받았어요.,오후 두시 사십오분에 병원 검진을 받았어요.
Functionbeat로 서버리스 로그를 수집해요.,펑션비트로 서버리스 로그를 수집해요.
복권 당첨금이 5,000,000원이었어요! 🎰,복권 당첨금이 오백만원이었어요!
APM Agent로 애플리케이션 성능을 모니터링해요.,에이피엠 에이전트로 애플리케이션 성능을 모니터링해요.
95F 펜트하우스에서 프라이빗 파티를 열었어요! 🎉,구십오층 펜트하우스에서 프라이빗 파티를 열었어요!
Fleet으로 Elastic Agent를 132개 관리해요.,플리트로 일래스틱 에이전트를 백삼십이개 관리해요.
우편번호 74629 경기도 용인시 기흥구입니다.,우편번호 칠사육이구 경기도 용인시 기흥구입니다.
새벽 8시 10분에 출근 준비를 했어요.,새벽 여덟시 십분에 출근 준비를 했어요.
Machine Learning으로 이상 탐지 정확도가 94%예요.,머신 러닝으로 이상 탐지 정확도가 구십사퍼센트예요.
창업 자금이 180,000,000원에서 250,000,000원으로 늘었어요! 🚀,창업 자금이 일억팔천만원에서 이억오천만원으로 늘었어요!
Watcher로 알림 규칙을 67개 설정했어요.,와처로 알림 규칙을 육십칠개 설정했어요.
48F 회의실에서 글로벌 화상회의를 진행했습니다.,사십팔층 회의실에서 글로벌 화상회의를 진행했습니다.
Canvas로 워크플로우를 23개 시각화했어요.,캔버스로 워크플로우를 이십삼개 시각화했어요.
우편번호 31845 경기도 안양시 만안구입니다.,우편번호 삼일팔사오 경기도 안양시 만안구입니다.
오후 11시 55분에 야근을 마쳤습니다.,오후 열한시 오십오분에 야근을 마쳤습니다.
Maps로 지리 데이터를 45개 레이어로 표시해요.,맵스로 지리 데이터를 사십오개 레이어로 표시해요.
차량 할부금이 월 780,000원에서 850,000원으로 늘었어요! 🚗,차량 할부금이 월 칠십팔만원에서 팔십오만원으로 늘었어요!
Graph으로 관계형 데이터를 156개 노드로 분석해요.,그래프로 관계형 데이터를 백오십육개 노드로 분석해요.
76F 클럽하우스에서 VIP 이벤트에 참가했어요! 💎,칠십육층 클럽하우스에서 브이아이피 이벤트에 참가했어요!
Security로 보안 위협을 실시간 탐지해요.,시큐리티로 보안 위협을 실시간 탐지해요.
우편번호 52769 경기도 의정부시 의정부동입니다.,우편번호 오이칠육구 경기도 의정부시 의정부동입니다.
새벽 4시 55분에 새벽 배송을 받았어요.,새벽 네시 오십오분에 새벽 배송을 받았어요.
SIEM으로 보안 이벤트를 289건 처리했습니다.,시엠으로 보안 이벤트를 이백팔십구건 처리했습니다.
펀드 수익률이 연 11.5%에서 15.8%로 상승했어요! 📊,펀드 수익률이 연 십일점오퍼센트에서 십오점팔퍼센트로 상승했어요!
SOAR로 보안 대응 자동화를 34개 설정했어요.,소아르로 보안 대응 자동화를 삼십사개 설정했어요.
59F 스카이 테라스에서 BBQ 파티를 했어요! 🍖,오십구층 스카이 테라스에서 비비큐 파티를 했어요!
Endpoint Security로 디바이스 187대를 보호해요.,엔드포인트 시큐리티로 디바이스 백팔십칠대를 보호해요.
우편번호 43817 경기도 과천시 중앙동입니다.,우편번호 사삼팔일칠 경기도 과천시 중앙동입니다.
오전 12시 30분에 야식을 주문했어요.,오전 열두시 삼십분에 야식을 주문했어요.
Threat Hunting으로 APT 공격을 15건 차단했어요.,쓰렛 헌팅으로 에이피티 공격을 십오건 차단했어요.
보험 만기환급금이 68,000,000원이에요! 🛡️,보험 만기환급금이 육천팔백만원이에요!
Network Security로 트래픽을 실시간 분석해요.,네트워크 시큐리티로 트래픽을 실시간 분석해요.
84F 최상층 펜트하우스에서 신년회를 열었어요! 🥂,팔십사층 최상층 펜트하우스에서 신년회를 열었어요!
Cloud Security로 멀티 클라우드를 보호해요.,클라우드 시큐리티로 멀티 클라우드를 보호해요.
우편번호 62594 광주광역시 광산구 월계동입니다.,우편번호 육이오구사 광주광역시 광산구 월계동입니다.
오후 6시 15분에 저녁 약속이 있어요.,오후 여섯시 십오분에 저녁 약속이 있어요.
Container Security로 Docker 이미지 234개를 스캔해요.,컨테이너 시큐리티로 도커 이미지 이백삼십사개를 스캔해요.
개인연금 납입금이 월 600,000원에서 800,000원으로 늘었어요! 💼,개인연금 납입금이 월 육십만원에서 팔십만원으로 늘었어요!
Application Security로 코드 취약점을 78개 발견했어요.,애플리케이션 시큐리티로 코드 취약점을 칠십팔개 발견했어요.
63F 스위트 오피스에서 중요한 계약을 체결했어요! 📋,육십삼층 스위트 오피스에서 중요한 계약을 체결했어요!
Web Security로 SQL 인젝션 공격을 차단해요.,웹 시큐리티로 에스큐엘 인젝션 공격을 차단해요.
우편번호 58374 전라남도 목포시 상동입니다.,우편번호 오팔삼칠사 전라남도 목포시 상동입니다.
새벽 6시 25분에 헬스장에 갔어요.,새벽 여섯시 이십오분에 헬스장에 갔어요.
Mobile Security로 모바일 디바이스 156대를 관리해요.,모바일 시큐리티로 모바일 디바이스 백오십육대를 관리해요.
라이선스 갱신비가 연 15,000,000원에서 18,000,000원으로 늘었어요! 💻,라이선스 갱신비가 연 천오백만원에서 천팔백만원으로 늘었어요!
Email Security로 피싱 메일을 345건 차단했어요.,이메일 시큐리티로 피싱 메일을 삼백사십오건 차단했어요.
92F 프라이빗 다이닝에서 미식 코스를 즐겼어요! 🍽️,구십이층 프라이빗 다이닝에서 미식 코스를 즐겼어요!
DNS Security로 악성 도메인 접근을 차단해요.,디엔에스 시큐리티로 악성 도메인 접근을 차단해요.
우편번호 71428 충청남도 서산시 동문동입니다.,우편번호 칠일사이팔 충청남도 서산시 동문동입니다.
오후 4시 50분에 프로젝트 발표를 마쳤어요.,오후 네시 오십분에 프로젝트 발표를 마쳤어요.
Identity Management로 사용자 인증을 강화해요.,아이덴티티 매니지먼트로 사용자 인증을 강화해요.
주택담보대출 한도가 800,000,000원으로 승인됐어요! 🏡,주택담보대출 한도가 팔억원으로 승인됐어요!
Privileged Access로 관리자 권한을 67개 제어해요.,프리빌리지드 액세스로 관리자 권한을 육십칠개 제어해요.
87F 스카이 바에서 해피아워를 즐겼어요! 🍻,팔십칠층 스카이 바에서 해피아워를 즐겼어요!
Multi Factor로 2단계 인증을 234개 계정에 적용해요.,멀티 팩터로 이단계 인증을 이백삼십사개 계정에 적용해요.
우편번호 39572 대구광역시 수성구 범어동입니다.,우편번호 삼구오칠이 대구광역시 수성구 범어동입니다.
새벽 7시 40분에 모닝 요가를 했어요.,새벽 일곱시 사십분에 모닝 요가를 했어요.
SSO으로 단일 로그인을 89개 애플리케이션에 연동해요.,에스에스오로 단일 로그인을 팔십구개 애플리케이션에 연동해요.
부업 수입이 월 1,200,000원에서 1,650,000원으로 늘었어요! 💪,부업 수입이 월 백이십만원에서 백육십오만원으로 늘었어요!
LDAP로 디렉터리 서비스를 12,000개 사용자로 확장했어요.,엘댑으로 디렉터리 서비스를 만이천개 사용자로 확장했어요.
54F 컨퍼런스홀에서 국제 세미나를 개최했어요! 🌍,오십사층 컨퍼런스홀에서 국제 세미나를 개최했어요!
Active Directory로 그룹 정책을 156개 관리해요.,액티브 디렉터리로 그룹 정책을 백오십육개 관리해요.
우편번호 46825 경상북도 안동시 명륜동입니다.,우편번호 사육팔이오 경상북도 안동시 명륜동입니다.
오후 9시 20분에 온라인 수업을 들었어요.,오후 아홉시 이십분에 온라인 수업을 들었어요.
Certificate Management로 SSL 인증서 78개를 관리해요.,서티피케이트 매니지먼트로 에스에스엘 인증서 칠십팔개를 관리해요.
용돈 기입장에 월 300,000원에서 450,000원으로 증가했어요! 💸,용돈 기입장에 월 삼십만원에서 사십오만원으로 증가했어요!
Key Management로 암호화 키를 234개 보관해요.,키 매니지먼트로 암호화 키를 이백삼십사개 보관해요.
71F 이그제큐티브 라운지에서 비즈니스 딜을 성사했어요! 🤝,칠십일층 이그제큐티브 라운지에서 비즈니스 딜을 성사했어요!
Secrets Management로 API 키 567개를 안전하게 보관해요.,시크릿츠 매니지먼트로 에이피아이 키 오백육십칠개를 안전하게 보관해요.
우편번호 85139 울산광역시 북구 화봉동입니다.,우편번호 팔오일삼구 울산광역시 북구 화봉동입니다.
새벽 2시 10분에 응급 콜을 받았어요.,새벽 두시 십분에 응급 콜을 받았어요.
Vault으로 보안 정보를 3단계로 암호화해요.,볼트로 보안 정보를 삼단계로 암호화해요.
종합소득세 환급금이 2,400,000원이었어요! 🎊,종합소득세 환급금이 이백사십만원이었어요!
HSM으로 하드웨어 보안 모듈을 12개 운영해요.,에이치에스엠으로 하드웨어 보안 모듈을 십이개 운영해요.
88F 최고층 레스토랑에서 미슐랭 요리를 맛봤어요! ⭐,팔십팔층 최고층 레스토랑에서 미슐랭 요리를 맛봤어요
PKI로 공개키 기반구조를 456개 인증서로 구축해요.,피케이아이로 공개키 기반구조를 사백오십육개 인증서로 구축해요.
우편번호 62847 전라북도 군산시 나운동입니다.,우편번호 육이팔사칠 전라북도 군산시 나운동입니다.
오전 5시 45분에 새벽 등산을 시작했어요.,오전 다섯시 사십오분에 새벽 등산을 시작했어요.
CA로 인증기관 서비스를 789개 도메인에 제공해요.,시에이로 인증기관 서비스를 칠백팔십구개 도메인에 제공해요.
투자 포트폴리오 수익률이 연 8.3%에서 12.7%로 올랐어요! 📈,투자 포트폴리오 수익률이 연 팔점삼퍼센트에서 십이점칠퍼센트로 올랐어요!
CRL로 인증서 폐기 목록을 실시간 업데이트해요.,시알엘로 인증서 폐기 목록을 실시간 업데이트해요.
65F 프리미엄 클럽에서 와인 테이스팅을 했어요! 🍷,육십오층 프리미엄 클럽에서 와인 테이스팅을 했어요!
OCSP로 인증서 상태를 초당 1,200건 확인해요.,오시에스피로 인증서 상태를 초당 천이백건 확인해요.
우편번호 58274 전라남도 나주시 송월동입니다.,우편번호 오팔이칠사 전라남도 나주시 송월동입니다.
오후 8시 35분에 저녁 운동을 마쳤어요.,오후 여덟시 삼십오분에 저녁 운동을 마쳤어요.
SCEP로 인증서 자동 등록을 345개 디바이스에 배포해요.,에스셉으로 인증서 자동 등록을 삼백사십오개 디바이스에 배포해요.
암호화폐 투자금이 8,000,000원에서 12,500,000원으로 증가했어요! ₿,암호화폐 투자금이 팔백만원에서 천이백오십만원으로 증가했어요!
EST로 인증서 등록 프로토콜을 자동화했어요.,이에스티로 인증서 등록 프로토콜을 자동화했어요.
79F 스카이라운지에서 비즈니스 네트워킹 이벤트에 참석했어요! 👔,칠십구층 스카이라운지에서 비즈니스 네트워킹 이벤트에 참석했어요!
ACME로 Let's Encrypt 인증서를 678개 자동 갱신해요.,아크미로 레츠 인크립트 인증서를 육백칠십팔개 자동 갱신해요.
우편번호 74936 경기도 광명시 철산동입니다.,우편번호 칠사구삼육 경기도 광명시 철산동입니다.
새벽 3시 50분에 새벽 배송 주문을 넣었어요.,새벽 세시 오십분에 새벽 배송 주문을 넣었어요.
Code Signing으로 소프트웨어 무결성을 89개 보장해요.,코드 사이닝으로 소프트웨어 무결성을 팔십구개 보장해요.
해외 여행 적금이 15,000,000원에서 22,000,000원으로 늘었어요! ✈️,해외 여행 적금이 천오백만원에서 이천이백만원으로 늘었어요!
Time Stamping으로 디지털 서명 타임스탬프를 제공해요.,타임 스탬핑으로 디지털 서명 타임스탬프를 제공해요.
43F 회원전용 라운지에서 프리미엄 서비스를 받았어요! 💎,사십삼층 회원전용 라운지에서 프리미엄 서비스를 받았어요!
Document Signing으로 전자문서 234건에 서명했어요.,다큐먼트 사이닝으로 전자문서 이백삼십사건에 서명했어요.
우편번호 96472 인천광역시 서구 가정동입니다.,우편번호 구육사칠이 인천광역시 서구 가정동입니다.
오전 11시 15분에 브런치 미팅을 가졌어요.,오전 열한시 십오분에 브런치 미팅을 가졌어요.
Smart Card으로 물리적 인증을 567개 발급했어요.,스마트 카드로 물리적 인증을 오백육십칠개 발급했어요.
자동차 보험료가 연 1,200,000원에서 1,450,000원으로 인상됐어요! 🚗,자동차 보험료가 연 백이십만원에서 백사십오만원으로 인상됐어요!
USB Token으로 2-Factor 인증을 강화했어요.,유에스비 토큰으로 투팩터 인증을 강화했어요.
97F 펜트하우스 파티룸에서 생일파티를 열었어요! 🎂,구십칠층 펜트하우스 파티룸에서 생일파티를 열었어요!
Hardware Token으로 고급 보안 인증을 제공해요.,하드웨어 토큰으로 고급 보안 인증을 제공해요.
우편번호 53816 경상북도 경산시 중방동입니다.,우편번호 오삼팔일육 경상북도 경산시 중방동입니다.
오후 1시 55분에 점심 후 휴식을 취했어요.,오후 한시 오십오분에 점심 후 휴식을 취했어요.
Biometric으로 지문 인식을 123개 디바이스에 적용해요.,바이오메트릭으로 지문 인식을 백이십삼개 디바이스에 적용해요.
결혼 준비금이 50,000,000원에서 75,000,000원으로 늘었어요! 💒,결혼 준비금이 오천만원에서 칠천오백만원으로 늘었어요!
Face Recognition으로 얼굴 인식 보안을 구축했어요.,페이스 레코그니션으로 얼굴 인식 보안을 구축했어요.
61F 스카이 가든에서 힐링 타임을 가졌어요! 🌿,육십일층 스카이 가든에서 힐링 타임을 가졌어요!
Iris Scanning으로 홍채 인식 시스템을 도입했어요.,아이리스 스캐닝으로 홍채 인식 시스템을 도입했어요.
우편번호 47258 경상남도 거제시 고현동입니다.,우편번호 사칠이오팔 경상남도 거제시 고현동입니다.
새벽 6시 30분에 조깅 모임에 참석했어요.,새벽 여섯시 삼십분에 조깅 모임에 참석했어요.
Voice Recognition으로 음성 인증 시스템을 345개 구축했어요.,보이스 레코그니션으로 음성 인증 시스템을 삼백사십오개 구축했어요.
청약 적금이 월 500,000원에서 800,000원으로 늘었어요! 🏡,청약 적금이 월 오십만원에서 팔십만원으로 늘었어요!
Palmprint으로 손바닥 인식 보안을 도입했어요.,팜프린트로 손바닥 인식 보안을 도입했어요.
83F 이그제큐티브 스위트에서 중요 계약 회의를 했어요! 📊,팔십삼층 이그제큐티브 스위트에서 중요 계약 회의를 했어요!
Vein Recognition으로 정맥 인식 기술을 적용했어요.,베인 레코그니션으로 정맥 인식 기술을 적용했어요.
우편번호 68395 충청북도 충주시 연수동입니다.,우편번호 육팔삼구오 충청북도 충주시 연수동입니다.
오후 7시 10분에 가족 저녁 식사를 했어요.,오후 일곱시 십분에 가족 저녁 식사를 했어요.
Gait Recognition으로 걸음걸이 인식을 연구해요.,게이트 레코그니션으로 걸음걸이 인식을 연구해요.
개인 사업 매출이 월 8,500,000원에서 12,300,000원으로 늘었어요! 📈,개인 사업 매출이 월 팔백오십만원에서 천이백삼십만원으로 늘었어요!
Behavioral Biometrics으로 행동 패턴 분석을 678건 했어요.,비헤이비어럴 바이오메트릭스로 행동 패턴 분석을 육백칠십팔건 했어요.
45F 프라이빗 오피스에서 1대1 코칭을 받았어요! 💼,사십오층 프라이빗 오피스에서 일대일 코칭을 받았어요!
DNA Authentication으로 유전자 인증을 연구 개발해요.,디엔에이 어센티케이션으로 유전자 인증을 연구 개발해요.
우편번호 72684 충청남도 공주시 신관동입니다.,우편번호 칠이육팔사 충청남도 공주시 신관동입니다.
새벽 4시 15분에 응급 출근을 했어요.,새벽 네시 십오분에 응급 출근을 했어요.
Signature Dynamics으로 필기 패턴 인증을 분석해요.,시그니처 다이나믹스로 필기 패턴 인증을 분석해요.
프리랜서 수입이 월 3,200,000원에서 4,800,000원으로 증가했어요! 💻,프리랜서 수입이 월 삼백이십만원에서 사백팔십만원으로 증가했어요!
Keystroke Dynamics으로 타이핑 패턴을 123개 분석해요.,키스트로크 다이나믹스로 타이핑 패턴을 백이십삼개 분석해요.